frame,FaceRectX,FaceRectY,FaceRectWidth,FaceRectHeight,FaceScore,x_0,x_1,x_2,x_3,x_4,x_5,x_6,x_7,x_8,x_9,x_10,x_11,x_12,x_13,x_14,x_15,x_16,x_17,x_18,x_19,x_20,x_21,x_22,x_23,x_24,x_25,x_26,x_27,x_28,x_29,x_30,x_31,x_32,x_33,x_34,x_35,x_36,x_37,x_38,x_39,x_40,x_41,x_42,x_43,x_44,x_45,x_46,x_47,x_48,x_49,x_50,x_51,x_52,x_53,x_54,x_55,x_56,x_57,x_58,x_59,x_60,x_61,x_62,x_63,x_64,x_65,x_66,x_67,y_0,y_1,y_2,y_3,y_4,y_5,y_6,y_7,y_8,y_9,y_10,y_11,y_12,y_13,y_14,y_15,y_16,y_17,y_18,y_19,y_20,y_21,y_22,y_23,y_24,y_25,y_26,y_27,y_28,y_29,y_30,y_31,y_32,y_33,y_34,y_35,y_36,y_37,y_38,y_39,y_40,y_41,y_42,y_43,y_44,y_45,y_46,y_47,y_48,y_49,y_50,y_51,y_52,y_53,y_54,y_55,y_56,y_57,y_58,y_59,y_60,y_61,y_62,y_63,y_64,y_65,y_66,y_67,AU01,AU02,AU04,AU05,AU06,AU07,AU09,AU10,AU11,AU12,AU14,AU15,AU17,AU20,AU23,AU24,AU25,AU26,AU28,AU43,anger,disgust,fear,happiness,sadness,surprise,neutral,input
0.0,292.3821716,223.6290131,133.17971799999998,195.33793640000002,0.999604762,290.5853876,290.2025185,292.4055413000001,296.3653615,303.124573,313.537107,326.05778829999997,340.4731821000001,356.7437994,373.39568439999994,388.6392909,403.28919060000004,415.0308692,422.8356652,427.31773539999995,429.9344772,430.6659108,303.78689860000014,312.53021980000005,323.3121772,333.37352089999996,342.61282689999996,369.8500162,380.6171568,391.8649497,403.06084560000005,411.99131239999997,354.8625793,354.2662863,353.641017,353.251127,339.1311904,346.0292035,353.6456521,361.6749834,369.0943518,312.89199249999996,321.2247269,329.98198439999993,337.46506769999996,329.3599923,320.5634713,372.62910889999995,380.6289795,389.537154,398.214047,389.6069866,380.7539623,331.0676528,337.3521858,346.0193385,352.6121638,359.8497005,369.4105706,376.9336755,369.5401789,360.5513279,352.6946684,345.1754069,337.180584,334.6346729,346.0066233,352.7858769,360.12580660000015,372.97277330000003,359.88649289999995,352.5910086,345.677886,293.6948125,314.0981642,335.0859814,355.61249260000005,374.28690869999997,391.0604802,405.0430403,415.3689216,418.4298111,415.45563419999996,405.4717667,392.4664315,376.72479369999996,358.5772939,338.6718967,318.4178066,298.3116778,287.4582948000001,282.70232089999996,282.88017,285.8473991,290.3243353000001,290.5301434,286.76029489999996,284.64229460000007,285.5936573,290.7411047,304.6114163000001,316.9042083,328.709477,340.7657142,351.7621116,354.1519189,355.89805110000015,355.13120699999996,353.4455317,303.7598412,301.2967514,301.7716794,306.85911600000014,308.5690461000001,308.0418131,308.3644423,303.9797079,304.54689039999994,307.8837421,311.28857430000005,311.0017586,378.8998827,371.44647610000004,367.242009,369.641595,367.8777767,373.54412260000004,381.9596974,390.37579039999997,394.9644472,395.37003680000004,394.0308857,388.3480053,378.7770878,376.4933777,377.7112982,377.3500533,381.8742707,382.3901895,382.9041603,381.58581410000005,0.46041024799999997,0.2367254,0.5232151620000001,0.19306190899999998,0.062214693,0.274023629,0.08814404199999999,0.269973536,0.405834415,0.021211246,0.177599665,0.23164933899999998,0.39712582799999996,0.08889946,0.236796215,0.211968766,0.614021503,0.45877026,0.072927774,0.040051735,0.012845199,0.002839204,0.000899673,0.008879878,0.132057592,0.175025165,0.667453289,C:\Users\sukri\Desktop\input\img\001.png
0.0,304.1055908,231.71298219999997,130.17953490000002,179.09198,0.999790967,307.8222686000001,303.27689780000014,300.677306,299.6961926,301.9892374,309.1951763,320.03758660000005,334.1051206,351.1959091,368.73021669999997,384.53540360000005,399.1146643,411.4216326,420.6611841,427.7204129,433.09450319999996,436.49115070000005,329.67786789999997,339.464388,350.3479357,360.1947185,368.74434249999996,395.4370543,405.36758580000003,415.3792974,424.4099237,430.2937124,378.55462939999995,376.5205992,374.81821410000003,373.14419289999995,354.83656,361.4942822,369.0694323,376.9466564,384.0179663,335.93150299999996,345.2149244,353.4786964,359.3096455,351.298954,342.9912418,392.8678161,401.3400267,409.308266,415.6256075,407.54001980000004,399.7356284,338.8378606,348.6903329,359.16166860000016,364.8137643,371.5398227,379.0725159,384.28781150000003,376.2681036,367.5075471,360.05951039999997,352.92423439999993,345.1686915,342.1077409,356.8719143,363.16270739999993,369.9149587,381.1070327,369.34642230000003,362.50275350000004,356.1690122,280.61308060000005,299.3749216,319.2594825000001,339.49757189999997,358.8118418,376.97918530000004,392.9485477,405.97234269999996,412.7097149,412.9986316,405.7420628,394.94045780000016,381.4612497,365.5874692,348.49418210000016,330.9901381,313.6420907,278.04436410000005,274.7538682,275.9646766,280.426687,286.08507589999994,293.6910183,292.3312784,292.3290559,295.00928849999997,301.3809762,304.1052378,315.1295055,325.65911289999997,336.55573839999994,344.9316278,348.5909337,351.7206557,352.4361256,351.86634,294.7130539,293.5075655,295.59024280000006,302.3212329,301.9548325,299.7865675,310.77284199999997,307.9193847,309.8850505,314.9055,316.22024700000014,314.3141397,366.81932830000005,362.930594,361.4437314,364.8107798,364.3684024,370.4292805,378.1163608,383.4813272,385.7363729,384.8746667,382.3379567,375.8066461,367.567083,370.4905001,372.8180885,373.6470045,377.5154976,374.6290817,373.83320860000003,371.4411721,0.300156888,0.213917026,0.35781110200000005,0.326326514,0.040324599999999995,0.343205534,0.03363382,0.345723964,0.407608125,0.039898014,0.44317345,0.272796088,0.297735142,0.053752917000000004,0.577519473,0.548023752,0.53040849,0.408953024,0.10614313199999999,0.018229347,0.022154594,0.027277527000000003,0.022620907000000003,0.066645198,0.267352045,0.222430348,0.371519417,C:\Users\sukri\Desktop\input\img\001.png
0.0,297.9255371000001,228.6259155,129.3957825,185.1949768,0.9997335079999999,300.99250689999997,296.9429563,294.972725,294.7637894,298.0037615,305.7605064,316.7050157,330.5679343000001,347.07455719999996,364.1413577,379.7516267,394.452873,407.07735710000003,416.5468731,423.6546891,429.0159636,432.2221746,321.71548989999997,331.6940916000001,342.99485219999997,353.2943878,362.30545,388.9496131,399.13808489999997,409.38288589999996,418.8275661,425.046109,372.0881243,370.30640719999997,368.7317173,367.2761018,348.7097931,355.6748565,363.5017724,371.4958117,378.73862080000004,328.1661491000001,337.6003873,346.1849121,352.49362080000014,344.2164754,335.5807401,386.7402289,395.3304117,403.5637341,410.3949249,402.0510361,393.9194746,333.20824,342.5036728,353.0745475,359.21491000000015,366.397373,374.0188656,378.6050224,370.8544877,361.9512396,354.0027435,346.4464972,338.7470939,336.6727307,350.995563,357.6981766,364.8210373,375.17128130000003,363.5727744,356.233551,349.43205439999997,279.9454213,299.8288912,320.6957495000001,341.6402349,361.2885618,379.56794289999993,395.5605869,408.2632141,414.4624443,414.39281850000003,406.6808066,395.2350526,381.1016922,364.3952994,346.166743,327.5474339,308.9542809,277.8569897,274.055902,275.1953233,279.56156780000003,285.2043607,291.768327,290.11658189999997,289.8228664,292.30822489999997,298.60521769999997,302.545485,313.9020402,324.7136765,335.912374,344.63447210000015,348.12649510000006,351.1894934,351.7007246,351.08309269999995,294.2542666,292.8408655,294.6839561000001,301.21340699999996,301.2450306,299.3010206,308.85967039999997,305.79494260000007,307.5915416,312.432282,314.0788758,312.3628235,368.4381738,362.8426745,360.4843311,363.74794080000004,363.11510610000005,369.6951213,378.525768,385.30047149999996,388.5264044,387.891115,385.39809469999994,378.383606,368.89094639999996,369.4927619,371.7471871,372.354033,377.8329034,376.79132369999996,376.3094752,373.9361336,0.32130522300000003,0.193681228,0.461479969,0.235332202,0.050491605999999994,0.36615398,0.046501805,0.470669897,0.41325987299999994,0.079455758,0.36214177299999994,0.27025824600000004,0.237088861,0.107678614,0.421063294,0.216210139,0.8275410959999999,0.629616883,0.062095788,0.016263733,0.012389596999999999,0.06809251,0.010209654,0.12379986,0.234114081,0.185340077,0.366054237,C:\Users\sukri\Desktop\input\img\001.png
0.0,292.7024536,228.8582611,129.703125,182.5617523,0.999751985,293.8355501000001,290.2537238999999,288.7323628,289.0007863,292.780618,301.1010947,312.6557577,326.9984722,343.7048278,360.6339805,375.9565501,390.34259249999997,402.58387400000004,411.71014239999994,418.54220719999995,423.5113714,426.28236510000005,314.7073563,324.7888974,336.2648385,346.7672682,355.9286098,381.5937245,391.8244293,402.2070873,411.91627689999996,418.47126099999997,365.70683030000004,364.28539539999997,363.03554249999996,361.94142719999996,343.3901074,350.5339311,358.4214442,366.3706563,373.5632637,321.5879166,331.0431411,339.7841055,346.1863739,337.88590370000014,329.1152451000001,380.2488892,388.8543398,397.2754884,404.1461506,395.91664049999997,387.6154125,328.4917645,337.8659728,348.3670728,354.4244199,361.4239662,368.8996053,373.4969573,365.9551606,357.3516998,349.6933486,342.3322045,334.4281172,332.05983849999996,346.4481729,353.02014039999995,359.93589019999996,369.93836760000005,358.75183219999997,351.719607,345.0851687,280.8924857,300.880406,321.8707088999999,342.8420386,362.3541915,380.31159019999996,395.821084,407.8842096,413.55663389999995,413.1253777,405.2175245,393.5680535,379.2084091,362.35607910000004,343.9568427,325.18796989999987,306.5192262,276.87008860000003,272.864289,273.8367241,278.0113813,283.5701382,289.3998344,287.5245018,287.05741439999997,289.3790945,295.5616295,300.8760126,312.3375412,323.2248054,334.5219164,343.86381289999997,347.1996334,350.08532189999994,350.44267510000014,349.6803334,293.67431139999997,291.8940356,293.58501960000007,300.31103239999993,300.6631646,298.8563328,307.2659932,303.7633237,305.4339118000001,310.36994599999997,312.4480472,310.8805728000001,368.2814457,362.5867147,360.06929560000015,363.2326972,362.52792139999997,369.04877139999996,377.7831526,384.49064780000003,387.7350936,387.15759330000003,384.8337653,378.0753524,368.6688046,369.105454,371.2191119,371.7776716,377.11120919999996,375.82942579999997,375.4029675,373.17691139999994,0.34609951200000005,0.26017498,0.424223994,0.321769622,0.040614762,0.313888443,0.020678129,0.40875873,0.40991182299999995,0.048685089,0.323999696,0.260453737,0.26159421899999996,0.046983758,0.37534675799999995,0.195168177,0.8118546729999999,0.568502672,0.066626239,0.009423219,0.007783531,0.00510026,0.003461652,0.023591181,0.142814264,0.422740966,0.394508094,C:\Users\sukri\Desktop\input\img\001.png
0.0,287.2958374,227.31393430000003,129.7861328,184.2672729,0.999649525,286.9907486,283.9371915,282.9857045,283.889927,288.403751,297.33694429999997,309.258933,323.7130089,340.46845030000014,357.34952139999996,372.2728395,386.26181549999995,398.1683109,407.1722412,413.8594661,418.71236400000004,421.34898760000004,308.570664,318.2872691,329.68910719999997,340.3655922,349.7983938,376.38564660000003,386.4194129,396.60553219999997,406.09238030000006,412.451365,360.18599389999997,358.98526410000005,357.9535964,357.0835335,338.74548010000007,345.91261010000005,353.8351731,361.7477684,368.86807200000004,315.8668083,325.33808639999995,334.1112834,340.5575654999999,332.27486899999997,323.508813,374.8065958,383.3498778,391.7405465,398.6618288,390.4318538,382.14061210000006,324.5913565,333.73371569999995,344.1131564,350.3146415,357.3672161,365.02709219999997,369.8365111,362.4688907,353.8525703,346.02710030000014,338.4802732,330.5992365,328.1637914,342.3238566,349.0283903,356.0857582,366.3757212,355.0221786,347.825917,341.0525013,281.3421295,301.4833977,322.6289129,343.67458270000014,363.0878479,380.8056753,396.100071,408.0680375,413.53941349999997,412.7276883,404.4289336,392.5364881,378.0908341,361.28464249999996,342.845572,323.9833534,305.2583036000001,277.4145172,272.7543085,272.96773989999997,276.5835352,281.77529189999996,287.56228089999996,285.5951738,285.1110612,287.4655086,293.7669506000001,299.0137162,310.6644425,321.7603285,333.2302861,343.2341211000001,346.3666894,349.0599492,349.3044393,348.4392767,292.9917353,290.860127,292.37408480000005,298.9954311,299.42828199999997,297.8195091,305.3146329,301.6242813,303.1695838,308.1658014,310.17064569999997,308.6984885,368.48069019999997,362.52324439999995,359.64797000000016,362.70610519999997,361.7995744,368.14015770000003,376.67305350000004,383.4461298,386.8645937,386.472688,384.2928352,377.7983925,368.81344939999997,368.7060165,370.6853416,371.0300026,376.09540439999995,374.91701839999996,374.6719983,372.5733385,0.31667159300000003,0.242782212,0.442186376,0.340442246,0.026425034,0.30452322800000003,0.018812069,0.40972510100000004,0.41273187,0.052664622,0.310810602,0.253534214,0.246598872,0.054754404000000007,0.41525207299999994,0.252504632,0.8258124440000001,0.599628115,0.073463496,0.014051695,0.020845711,0.007819992,0.001978633,0.008394897,0.117028601,0.258987576,0.584944606,C:\Users\sukri\Desktop\input\img\001.png
0.0,282.259491,224.0457001,129.970459,187.7084503,0.9996360540000001,283.7177791000001,280.75531960000006,279.869815,280.84551830000004,285.3147285,294.2358834,306.2061347,320.8554535,337.7691479,354.8525718,370.00897339999995,384.1713571,396.03643470000003,404.774373,411.1590542,415.82169849999997,418.3555638,305.1890097,314.9019436000001,326.1346264,336.6888218,346.0588321,374.04915639999996,384.1262332,394.23148660000004,403.50953660000016,409.7006022,356.84879589999997,355.619033,354.5724328,353.6773562,335.6715962,342.6963971,350.4457638,358.21743050000015,365.1975005,312.32944889999993,321.7438439,330.5581897,337.0767922,328.8053747,319.97591580000005,371.767188,380.3367491,388.78743639999993,395.6832664,387.4818743,379.168449,321.4758562,330.61792139999994,340.9593596,347.07515939999996,354.01789130000014,361.7838122,366.77990760000006,359.49177460000016,350.8842483,343.1664927,335.6973305,327.7064216,325.0640091,339.2126085,345.83227200000016,352.7768708,363.3610631,351.95429939999997,344.8597538,338.1747814,281.7616822,301.8694718000001,322.9602979,343.90392369999995,363.313448,381.0792053,396.4091497,408.36604730000005,413.7010776,412.6000611,404.0435449,391.9394097,377.24769469999995,360.1913059,341.6716739,322.86538039999994,304.2034048999999,277.3489928,272.83541089999994,272.9868315,276.4186883,281.37548050000004,286.9846186000001,285.0969746,284.7105763,287.1464827,293.3030082,298.93643480000014,310.4101918,321.353111,332.66925239999995,343.0423204,346.0239626,348.58675310000007,348.7383235,347.8503028,293.3211813000001,291.1271399,292.55928680000005,299.0145080000001,299.59528450000005,298.067523,304.93376789999996,301.25320539999996,302.7511292,307.6432253,309.7058954,308.296638,368.51142210000006,362.435066,359.392354,362.3265234,361.3316351,367.4317604,375.6832548,382.80550930000004,386.47193660000005,386.23342169999995,384.2126985,377.86748910000006,368.8239021,368.47905299999996,370.34667110000004,370.5936175,375.1920103,374.61308210000004,374.46792189999996,372.5206584,0.350118645,0.227401346,0.41209543200000004,0.319405515,0.035317212,0.31357296100000004,0.013528924,0.394594956,0.40603152299999995,0.052139795,0.269679982,0.255491672,0.267618344,0.046400315,0.372998372,0.249387752,0.852644317,0.63735102,0.06919006400000001,0.009253151,0.012836021999999999,0.028548224,0.000475448,0.011717925,0.23476088,0.030177725,0.681483805,C:\Users\sukri\Desktop\input\img\001.png
0.0,275.91677860000004,227.2823181,131.2636414,179.90722659999997,0.999773204,277.93049080000003,275.55629039999997,275.2545338,276.77035889999996,281.7796841,291.22873839999994,303.7088543,318.6138957,335.64808139999997,352.68985299999997,367.4428153,380.962966,392.19556939999995,400.411586,406.3393492,410.57406569999995,412.64177939999996,299.29908939999996,308.8764953000001,320.06831139999997,330.6152807,340.0142196000001,367.00608660000006,376.9825982,387.1046389,396.6420392,403.28449889999996,350.86807810000005,349.95284449999997,349.2075503,348.58243319999997,330.6183791,337.8446035,345.825243,353.703481,360.7389438,306.57836749999996,315.8461155,324.71342519999996,331.3377091,323.1116393000001,314.2766787,366.0387081,374.33211800000004,382.8610417,389.9236459,381.832873,373.4672682,318.05641539999993,326.8336841,336.9165526,343.0864264,350.0033225,357.87212410000006,363.23731200000003,356.146474,347.74827519999997,340.0317928,332.5322998000001,324.4983994,321.5636933,335.3733578,342.082602,349.0433273,359.83419189999995,348.51993849999997,341.41575589999997,334.6650369,281.8946168,301.8119193,322.6703348000001,343.43417,362.501201,379.7966244,394.7174355,406.4268298,411.4915984,410.15941289999995,401.4577622,389.2336714,374.4604896,357.4546554,338.8727875,319.9718535,301.27857610000007,276.9151617,272.37060360000004,272.39764610000003,275.62178589999996,280.3373523,284.6894019,282.4105376,281.5786445,283.5951315,289.56356889999995,297.1826081000001,308.65898439999995,319.6559706000001,330.99761960000006,341.6977086,344.5355412,346.916209,346.85375189999996,345.76583839999995,292.2852409,289.8344125,291.07065689999996,297.5625962,298.20225389999996,296.84000299999997,302.7682228,298.6458245,299.8072513,304.58018930000014,306.90931960000006,305.7783021,367.51114069999994,361.2291653,357.9155024,360.7261183,359.5099474,365.4722635,373.6211613,380.1725912,383.5859387,383.4991655,381.69177129999997,375.9404457,367.6977586,367.3178835,368.9890814,369.0698273,373.1456983,371.96576610000005,371.9516963,370.21903960000003,0.31942876,0.24981585,0.444683699,0.366899432,0.039394412999999996,0.277689077,0.024019884,0.314086634,0.423559654,0.01976404,0.280118297,0.304628742,0.278022514,0.041576477,0.357645284,0.31699397,0.5872632560000001,0.452554726,0.075794649,0.010948066000000001,0.039874185,0.009658195999999999,0.001306667,0.006650035,0.08996494099999999,0.120868929,0.7316769959999999,C:\Users\sukri\Desktop\input\img\001.png
0.0,275.1259765625,200.0442657470703,131.83575439453122,189.37294006347656,0.9996192455291748,273.4786687120795,273.1773016303777,275.05656133592134,278.71970282495016,285.89057494699955,297.4156283289193,311.9209882616997,328.37683570384985,345.478142619133,361.5974000096321,375.2411435246468,387.6222952604294,397.4164345860481,404.06657111644745,408.60826230049133,411.4670506119728,412.124100625515,293.35788722336287,302.72566193342215,314.59613806009287,325.92880553007126,336.18556663393974,361.078431904316,371.1277905702591,381.9213699698448,392.6498129963875,400.25057286024094,347.61925566196436,347.72220581769943,347.94504177570343,348.3498577475548,332.4562320709228,339.83889928460115,347.7948101758957,355.39974945783615,362.1155151724816,303.7143028080464,312.33297368884087,321.0864805579185,328.29857823252684,320.4206736683845,311.6898740231992,363.55823892354965,371.1376183629036,379.5730677247048,387.2369263768196,379.5770386457443,371.28387904167175,324.1203590035438,331.7599372267723,341.0027013719082,347.3260329961777,353.9242253303528,362.04111963510513,367.9452442526817,361.8317696452141,354.2474810481072,347.0460404157638,339.78208383917814,331.4231434166432,327.8297252357006,340.59485745429987,347.2207230329513,353.8475837111473,364.5138756632805,353.74003714323044,347.0671933889389,340.50234636664385,269.4970064163208,289.7060329020024,310.47270369529724,330.80024653673166,348.8741163611412,364.5320835113525,377.25919818878174,386.5027062892914,389.40439760684967,386.61434698104864,377.48503839969635,365.06297385692596,349.83157271146774,332.48411607742315,313.68765234947205,294.35325676202774,275.2496342360973,263.59211415052414,257.75009322166443,256.8683212995529,259.60081726312643,264.25173246860504,264.3247632980347,260.02302378416056,257.42544436454773,258.30983197689056,264.0946915447712,278.48354190588,290.25953096151346,301.5491248369217,313.12824529409414,325.32889544963837,327.21946138143534,328.61029779911036,327.77217757701874,325.91284829378134,278.4267122447491,275.2908171415329,275.5245423316956,280.89310437440867,282.6411199271679,282.29360747337336,281.77960538864136,276.8852698802948,277.04795444011694,280.6961173117161,284.0996941924095,283.97658616304403,352.9689225554466,344.99550265073776,340.2178496718407,342.27314722537994,340.2297908663749,345.4050287604332,353.1784905195236,359.8357254266739,363.7783287763596,364.4490827322006,363.6855854988098,359.66407549381256,352.61185240745544,349.9175398349762,350.63820987939835,349.9855572581291,352.893683552742,352.00697404146194,352.72915095090866,351.92575496435165,0.3636719663513631,0.26545960293462306,0.5060426116094721,0.2532854577221897,0.04183547780257186,0.2892865089389349,0.055075143107476514,0.2685959409916994,0.3818787697298089,0.018824624719449963,0.18758791912871875,0.30650069035071525,0.3869246149290295,0.06634192287243365,0.33706544411418826,0.3033871782674601,0.4169362967258189,0.3819555137167131,0.09452565282403652,0.013613928186082171,0.08673888444900513,0.004198480397462846,0.000727759615983814,0.0010433576535433526,0.1970847249031067,0.021047338843345642,0.6891594529151917,C:\Users\sukri\Desktop\input\img\001.png
0.0,275.1146850585937,203.30992126464844,131.124267578125,187.3948516845703,0.9996553659439088,273.0260310024023,272.3593472987413,273.92252725362783,277.30958215892315,284.1255658566952,295.14508110284805,309.4075500369072,325.9339988231659,343.2935273647308,359.77816700935364,373.78126764297485,386.34334433078766,396.1833581924439,402.84139454364777,407.3988217115402,410.2032597064972,410.817160487175,292.7760839760304,302.1180962920189,313.92879503965383,325.12543761730194,335.24595743417734,361.4722212553024,371.0053553581238,381.37476646900177,391.7170268297195,399.0843164920807,346.77300477027893,346.7108772993088,346.800843000412,347.0198948383332,331.35209441185003,338.50669378042215,346.36918091773987,353.9815901517868,360.68381357192993,303.8942949771881,312.18859016895294,320.24148571491236,327.3519968986511,319.93429046869284,311.8413044810295,363.3575738668442,370.53719091415405,378.1715806722641,385.51437532901764,378.16088235378265,370.61415100097656,323.3285768628121,330.92346477508545,339.8164938092232,345.69329392910004,351.7158068418503,359.54372692108154,365.4710474014282,359.35162806510925,351.92545998096466,345.3609020709992,338.54875719547266,330.48629343509674,326.92671990394587,339.4601955413818,345.56618547439575,351.55151796340937,362.1431357860565,351.3906853199005,345.4152694940567,339.3718072772026,268.66281008720404,288.7828767895698,309.4682309627533,329.77154874801636,348.0749778747558,364.22992849349976,377.36002373695374,386.9335684776306,390.18830585479736,387.50630521774286,378.5766749382019,366.1610314846039,350.9081016778946,333.5849153995514,314.94456458091736,295.68021738529205,276.7629298567772,262.77622044086456,257.5191411376,257.066640406847,260.1703794002533,265.0785061120987,265.1489257216454,260.69179999828344,257.72738164663315,258.1847488880157,263.4200972318649,279.29644894599915,290.9230019450188,302.1061021089554,313.61442267894745,325.5315489768982,327.60709810256964,329.01749622821814,328.31224536895746,326.36404013633734,279.46059656143194,277.8753619194031,277.9929492473603,281.32366728782654,283.34420859813685,283.089417219162,282.52421450614935,279.6903749704361,279.9377076625824,282.10248792171484,285.1926727294922,284.9522101283073,353.28475761413574,345.88202035427094,341.48859953880316,343.52571570873266,341.5547106266022,346.36415100097656,353.65346348285675,360.3227537870407,364.25340640544886,364.8869239091873,364.0701600313186,359.9865289926529,352.97476065158844,350.70253574848175,351.36440002918243,350.8282504081726,353.4085040092468,352.93204271793365,353.56368613243103,352.7765403985977,0.333719584996326,0.2262928300647221,0.6219796291678195,0.17816155740129275,0.043610078122038966,0.3539216442601049,0.09058714665415032,0.2299133404482973,0.399341476677462,0.017543750101007144,0.1727794375348337,0.3327187549963318,0.4089528533662105,0.05557850965320255,0.3659094294433859,0.32109756389123506,0.4484964423624997,0.390103384865825,0.10934317969304412,0.16466011680623865,0.10386952757835388,0.005952513311058283,0.0010474047157913444,0.0010570217855274675,0.27209991216659546,0.01794261485338211,0.5980309844017029,C:\Users\sukri\Desktop\input\img\001.png
0.0,274.3392944335937,204.89059448242188,131.89697265625,186.64865112304688,0.9995798468589784,272.25165688991547,271.5769320130348,272.9909886047244,276.18957616388803,282.73360191285616,293.4126050770284,307.3369240164757,323.9476326406002,341.60851246118546,358.741416156292,373.0310740470886,385.8300159573555,395.5858107805252,402.06845784187317,406.3344306349754,408.9887591600418,409.6631239056587,292.6428600400686,301.82410097122187,313.4796119034291,324.60077807307243,334.66543284058565,359.833751142025,369.33788055181503,379.82504510879517,390.142786860466,397.4675440192223,345.6072299480438,345.43433851003647,345.3822142481804,345.48125982284546,330.219029545784,337.22434553503984,345.14288806915283,352.856776535511,359.71069997549057,301.74003401398664,310.93651181459427,318.81341654062265,326.7476200461388,318.7068982422352,310.62901657819754,361.7622351050377,369.95795077085495,377.4082989692688,385.5097929239273,376.9913522601128,369.48670953512186,322.1753129661083,329.4369523823261,338.2503168582916,344.3866029381752,350.5145017504692,358.61277347803116,364.79751616716385,358.51872235536575,350.9153088927269,344.1894500255585,337.01337021589285,329.02314734458923,325.72189038991934,338.0591771900654,344.3884888887405,350.6014165878296,361.5025804638863,350.35246163606644,344.15297251939774,337.8384119868278,268.89911425113684,288.8227793574333,309.3039939999581,329.4601048827172,347.8668781518936,364.3281559944153,377.8796111345291,387.68765342235565,391.11092853546137,388.2566797733307,378.91047739982605,366.01927554607386,350.3862806558609,332.9120199084282,314.31830060482025,295.38108241558075,276.59556478261953,263.6613698899746,258.6429122984409,258.0247706770897,260.83767542243004,265.5381513237953,265.14790171384806,260.9624277353287,258.2092194855213,259.0535424947738,264.3829781711101,279.8269088864326,291.6496486663818,303.0787081122398,314.91088712215424,326.44177842140203,328.79777610301966,330.2275825142861,329.37231814861303,326.9909596443176,281.1666066646576,282.2261317968368,282.1463864147663,281.95631766319275,284.6290176212788,284.5565885901451,283.1485369503498,283.5176193714142,284.17599618434906,283.8928903639317,286.67422676086426,286.0798869729042,354.53323006629944,346.8010412454605,342.06575107574463,344.0661475658417,342.1458423733711,347.1074276566505,354.7649934887886,361.57158809900284,365.8554347753525,366.59385550022125,365.7216839194298,361.32442432641983,354.20017498731613,351.69713950157166,352.4492641687393,351.8494371175766,354.5412098169327,354.1576700210572,354.85448610782623,353.99155473709106,0.4091899636234781,0.2513079064680361,0.5441714684518514,0.12074657132363582,0.058935875825963165,0.3282571928234898,0.12077051391401344,0.2999885282655853,0.3983068219925485,0.03190666341130946,0.20468318434593308,0.3426941912120621,0.4457804230185807,0.07755181321993265,0.3682944307831211,0.24937037207761525,0.4793577180362282,0.4076477872498661,0.1224508801710369,0.5943296238158451,0.13691529631614685,0.010574285872280598,0.003965281881392002,0.0013618409866467118,0.2106082737445832,0.05250195041298866,0.5840731263160706,C:\Users\sukri\Desktop\input\img\001.png
0.0,274.01193237304693,205.2271881103516,130.470458984375,186.0298309326172,0.9996979236602784,271.2015512287617,270.43825944885606,271.679367095232,274.6408908441663,280.8076106309891,291.2476674020291,305.0848115682602,321.7908160984516,339.6128847002983,356.98721849918365,371.5327251553536,384.5563704967499,394.4511734843254,401.0311733484268,405.4388703107834,408.3531914949417,409.2487827539444,291.71263249218464,300.62340477108955,311.8709432184696,322.75620815157885,332.7757476568222,359.0640424489975,368.38638347387314,378.70467019081116,389.05424982309336,396.7498739361763,344.8447251319885,344.57588118314743,344.38152635097504,344.3018248677254,329.1393312215805,336.0560434162617,344.0747079253197,351.86803817749023,358.69667822122574,300.1730357110501,309.5667075514793,317.68399527668964,326.16747748851776,317.83492931723595,309.52885004878044,361.4900668859482,369.8659375905991,377.53006291389465,386.12119406461716,377.3273420929909,369.585078060627,320.66472968459135,328.03166589140886,336.84669017791754,343.00284135341644,349.16423296928406,357.23941469192505,363.5872724056244,357.11423367261887,349.44406312704086,342.61773449182516,335.3173238039017,327.4085494577885,324.2205228805542,336.57823458313936,342.9660085439682,349.24349462985987,360.24395567178726,348.9877892136574,342.6852800250053,336.2822947502136,269.595209479332,289.42925158143044,309.80823397636414,329.92872697114944,348.3874482512474,364.92783147096634,378.57842063903814,388.4868581295013,392.2216264009476,389.6951539516449,380.8352162837982,368.12226355075836,352.5827857255936,334.9901407957077,316.1945808529854,297.2046660780907,278.24834626913065,264.3824358284473,259.72470435500145,259.1171688735485,261.73396873474115,266.17055362463,266.2281142473221,262.28593683242804,259.6527184844017,260.4303296506405,265.3488432168961,281.0124071836472,292.96566450595856,304.46534299850464,316.36621463298803,327.39257842302317,329.9815150499344,331.57167989015585,330.7574838995933,328.27356195449835,282.01270899176603,283.3525772988796,283.1860014796257,282.66444665193563,285.57557678222656,285.52685940265656,284.5290655195713,285.22548729181284,285.8830970525742,285.5136740803718,288.324342161417,287.68794214725494,355.298943400383,347.8985245227814,343.3039497137069,345.39101123809814,343.58502447605133,348.6001633405685,356.0744817852974,362.52449065446854,366.68179750442505,367.33951020240784,366.3492166996002,361.8671803474426,355.022772192955,352.64987272024155,353.5466524362564,353.02439576387405,355.8049453496933,355.2415699362755,355.85424292087555,354.8791934847832,0.38703620824329577,0.24775474836280645,0.539388883355038,0.08197478453821735,0.06820167749497795,0.33297567195221617,0.12502734981962388,0.2860201454918922,0.3904760181367963,0.015754156360955895,0.18673382616369247,0.3684433272442222,0.4362248209448649,0.07700021197590624,0.3682724297705269,0.26577152833761,0.44227704918450894,0.4075119632230087,0.12994866405983782,0.6501420751173909,0.16419722139835358,0.00901283510029316,0.0038273765239864588,0.0005871515604667368,0.4146183133125305,0.01861034892499447,0.3891468048095703,C:\Users\sukri\Desktop\input\img\001.png
0.0,272.99188232421875,206.3872985839844,130.79132080078122,183.8169250488281,0.9997088313102722,270.67969815433025,269.8476543277502,271.18421545624733,274.40480720996857,280.9447029531002,291.49922510981565,305.06354165077215,321.0104259848595,338.1596374511719,354.86671924591064,369.2058186531067,382.26375675201416,392.6590284109116,399.798828125,404.6856994628906,407.8391889333725,408.6678377389908,290.8339022397995,299.7073945999145,310.78575766086584,321.3858559727669,331.05790340900415,359.54679095745087,368.80239033699036,378.9035053253174,388.89029145240784,396.21805572509766,343.8444187641144,343.54707896709436,343.3929233551025,343.27514767646784,327.5124797224998,334.6774195432663,342.70973777771,350.63146591186523,357.6155655384064,299.75961482524866,308.80282527208334,316.95299452543264,324.4923849105835,316.5394282341004,308.3289726376533,360.70737957954407,368.5018956661224,376.26991081237793,384.36277437210083,376.0177845954895,368.32102251052856,318.88398450613016,326.4426196217537,335.5571349263191,341.69299256801605,347.96485352516174,356.03391897678375,361.9946151971817,355.6569916009903,348.01398479938507,340.937348484993,333.64761221408844,325.69402927160263,322.4096972942353,334.9846618771553,341.45859956741333,347.7936898469925,358.76399612426763,347.6578607559204,341.2062473297118,334.77851206064224,272.1286076903343,291.91348552703863,312.2867285013199,332.3463299274445,350.542964220047,366.64332139492035,379.87227249145513,389.5158648490906,393.0360071659088,390.5259895324707,381.7261140346527,369.43452775478363,354.4585864543915,337.37320232391363,318.81744921207434,299.7284188270569,280.90420007705694,266.28507500886917,261.52745932340616,261.01002234220505,263.724555850029,268.10258841514593,268.39119344949717,264.63255208730703,262.12019419670105,262.83009731769556,267.8251667022705,282.9403556585312,294.5793350934983,305.7060006856918,317.14754152297974,329.2971773147583,331.37484538555145,332.7677928209305,332.2266895771026,330.3459609746933,282.6588749885558,281.6647036075592,281.845732152462,284.60680711269384,286.31495940685267,285.9470116496086,286.15703207254415,283.93198430538183,284.33457446098333,286.19600653648376,288.7518310546875,288.36914485692984,356.93529427051544,349.49002742767334,344.84394359588623,346.94224548339844,345.0135533809662,350.1196460723877,357.4324929714203,364.2861785888672,368.6244503259659,369.3231371641159,368.40435314178467,363.8138233423233,356.7028601169586,354.42530488967896,355.242040514946,354.6616096496582,357.21133160591125,356.97035574913025,357.6349322795868,356.7217893600464,0.32535959836991424,0.2025483045044701,0.6526779206756508,0.1076493873867384,0.05175457430847268,0.3494263858877161,0.12101713901433706,0.2866832839629972,0.3989758274034421,0.03780107946299882,0.1905111967127132,0.3371801083238977,0.3912408731745224,0.0703918899451703,0.3359910207180162,0.2651725779647912,0.5010363335598652,0.4121867303842151,0.09751741154984536,0.2698413722195561,0.06244048848748208,0.009228430688381195,0.0008966404129751028,0.0005432559410110116,0.40988436341285706,0.00619480712339282,0.5108119249343872,C:\Users\sukri\Desktop\input\img\001.png
0.0,271.90496826171875,206.3889312744141,131.6884765625,184.5458831787109,0.9996978044509888,269.41887626051897,268.7223563343286,270.2378882020712,273.5893100202084,280.52064746618265,291.6326753050089,305.55085542798037,321.52224102616316,338.34853559732437,354.5211018919945,368.61025196313864,381.7046436667442,392.28101652860636,399.5448641180992,404.5233660936356,407.746502995491,408.7259842157364,289.5262343734504,298.6928805112839,310.3433116972446,321.43266785144806,331.54257595539093,358.6938954591751,368.6605850458145,379.40281730890274,389.9569662809372,397.1911788582802,343.59615039825434,343.3364578485489,343.2446528077125,343.2765812873841,327.0856388211251,334.45006728172297,342.55757921934133,350.5340507626533,357.61069643497467,299.9224018156528,308.5244308412075,316.682043671608,323.91580608487135,316.2231890559196,307.9642419219017,360.04283344745636,367.4921675920487,375.3389634490013,383.10565853118896,375.19300603866577,367.4257897138596,318.1853168606758,326.05263072252274,335.35271733999247,341.638325214386,348.1739684343338,356.3163467645645,362.33729606866837,355.9064415693283,348.115115404129,340.9505977034569,333.7113527655601,325.4188186526298,321.80974897742266,334.843032091856,341.4198582172394,347.9854681491852,358.99826323986053,347.81189435720444,341.2161850333214,334.7105511724949,270.41804918646807,291.05290246009827,312.2214750051498,332.95535016059875,351.4080875515938,367.4963357448578,380.5126547813416,389.9392043352127,393.18159878253937,390.62214589118963,381.68516635894775,369.3283329606056,354.23119443655014,336.90146005153656,318.01987266540533,298.4769279062748,279.1265206933021,266.4800564646721,260.9803924262524,260.42357262969017,263.4013558924198,268.1752038002014,268.7942031025886,264.7337515354156,262.1652764081955,263.1695924699306,269.0480719506741,282.9616059064865,294.90190958976746,306.3037980794906,318.017531812191,329.5637192130089,331.6851766705513,333.2727395296097,332.6346817016602,330.7818063497544,282.63583400845533,280.9125253558159,281.18486988544464,285.0044978857041,286.69849374890333,286.30794087052345,286.47175794839865,283.34388998150826,283.73775511980057,286.25104486942286,289.1056916713714,288.7705231904984,357.036133646965,349.6784718632698,345.33168751001364,347.42525374889374,345.4831511378288,350.39108633995056,357.7218235731125,364.5225139260292,368.6232717633248,369.2384043931961,368.3482546806336,363.9952817559242,356.7890930771828,354.72934126853943,355.54886734485626,354.93685269355774,357.47488725185394,356.96725380420685,357.660165309906,356.72770965099335,0.3176781548716224,0.18593985565968904,0.6211640040873299,0.13982248714965448,0.04812082453909666,0.35820620351358856,0.10068527338623263,0.3106864126318638,0.4095804421463022,0.0400886244279648,0.2097716786558607,0.33926549733369765,0.3732114318902958,0.07545445939935312,0.3719504291917516,0.33732807717638424,0.41981337503343374,0.390814630231083,0.0865567948310247,0.17087920106394186,0.11245087534189224,0.009838349185884,0.0008002736140042543,0.000837651954498142,0.2830075323581696,0.008740662597119808,0.5843246579170227,C:\Users\sukri\Desktop\input\img\001.png
0.0,272.43072509765625,205.40301513671875,131.3082275390625,185.51409912109366,0.9996827840805054,269.5732512772083,268.72326351702213,270.02569432556635,273.1250624060631,279.64580523967743,290.3527266383171,304.11194139719015,320.1483676433563,337.3462536334992,353.94169056415564,368.2370266914368,381.25756776332855,391.606608748436,398.6508487462997,403.48481237888336,406.65322864055634,407.5790946483612,289.87914240360266,298.62585592269903,309.81123512983316,320.5761120319366,330.5235940814018,359.26531887054443,368.76347625255585,378.93828344345087,388.9601216316223,396.1058826446533,343.3200025558472,343.00996792316437,342.8335492610932,342.7657430171966,326.48248320817953,333.8020118474961,342.02023220062256,350.05749464035034,357.08835232257843,300.1049172878265,308.7304553985596,317.07993263006216,324.19158804416656,316.52365773916245,308.14676606655115,359.66450929641724,367.1162930727005,375.1428006887436,382.77459120750433,374.96177685260767,367.0332304239273,317.8856921195984,325.5368215441704,334.6432424783707,340.8511960506438,347.31805646419525,355.4052883386612,361.5071251392365,355.22182536125183,347.5301487445832,340.26758205890656,332.8883132934571,324.7401641011238,321.4974293708801,334.11047846078867,340.6517797708512,347.1738457679748,358.10923182964325,347.08198714256287,340.47902452945715,333.9398515820503,270.8308997750283,291.0216544866562,311.85688400268555,332.4008951187134,350.9041360616684,367.2106901407242,380.58553767204285,390.32963395118713,393.8879737854004,391.42016553878784,382.4267408847809,369.8681204319,354.6339786052704,337.2456512451172,318.424973487854,299.0745877027512,280.0657052397728,266.32660162448883,260.93500697612757,260.1233662366867,262.7875771522522,267.1429275870323,268.3858960866928,264.5603619813919,262.0733937621117,262.8393076658249,268.114511013031,282.85105860233307,294.7058596611023,306.00870847702026,317.59644711017614,329.41494357585907,331.6465789079666,333.2287528514862,332.6633147001266,330.7742421627045,282.2985177636146,280.24676203727716,280.55506855249405,284.8211643099785,286.60263681411743,286.1349526643753,286.57639485597616,283.0700256824493,283.4271762371063,286.31115472316736,289.38275402784353,289.04687297344213,356.3122490644455,349.5457980632782,345.3724932670593,347.61154961586,345.61338436603546,350.4723609685898,357.5325071811676,364.3126606941223,368.5676437616348,369.2081208229065,368.2026389837265,363.45789706707,356.16583466529846,354.85088324546814,355.75904428958887,355.1835858821869,357.36163544654846,356.8505082130432,357.5149246454239,356.5008634328842,0.3416668877301724,0.24383100052062265,0.5221337118848162,0.15643096103897505,0.04297207483474733,0.28129662038945225,0.053171433357533916,0.21924789992304752,0.4048037910785758,0.01948149244051036,0.1959589045502755,0.2641414612951727,0.3766998576058732,0.06096806980354416,0.3976565356159624,0.3959107556066413,0.4145881856930088,0.4344925127727558,0.09297858708498208,0.017928218175113517,0.10862142592668532,0.0032203872688114643,0.0004870894190389663,0.0006238752976059914,0.3246760666370392,0.004368363879621029,0.5580028295516968,C:\Users\sukri\Desktop\input\img\001.png
0.0,272.56790161132807,206.17868041992188,131.23495483398438,186.00131225585938,0.9996637105941772,269.53012132644653,268.9521001726389,270.6344189941883,274.0385113954544,280.79857024550444,291.73580920696264,305.59610706567764,321.5264165401459,338.32108139991766,354.3631346225738,368.34400045871735,381.2793222665787,391.5809082984924,398.6327953338623,403.61775028705597,406.9923257827759,408.10316157341003,290.0166737139225,299.37949407100683,311.1304668188095,322.25496637821203,332.329217851162,357.0018711090088,367.0912989377976,377.8984087705612,388.6973630189896,396.3732841014862,343.32853484153753,343.0783580541612,342.9781178236008,343.0313174724579,327.1668271422386,334.3918696641922,342.24314522743225,349.9639879465103,356.8476024866104,299.9610691666603,308.4906802773476,316.8300054073334,323.93583607673645,316.2492684721947,307.8745946288109,359.6112719774246,367.13472318649286,375.1796609163284,382.7695151567459,375.08651208877563,367.1213502883911,318.5243374705314,325.9485843777657,334.99015617370605,341.1753852367401,347.7129807472229,355.76066839694977,361.6203898191452,355.30939900875086,347.56117010116577,340.5347104072572,333.48484343290335,325.3950829505921,322.20668739080435,334.5811479687692,341.0101922750473,347.5403856039047,358.1168977022171,347.21130871772766,340.7179756164552,334.3910974264145,269.2257838845253,289.9731195569038,311.2958335876465,332.152968287468,350.77810978889465,367.117568731308,380.4225852489472,389.95951461791987,393.0811445713043,390.5352084636688,381.4502077102661,368.8011412620544,353.4064681529999,335.91646909713745,316.92105841636663,297.34475541114807,277.87891066074366,266.61575204133993,261.08695805072784,260.62525874376297,263.58390414714813,268.30498921871185,268.56823283433914,264.35189932584757,261.7168874740601,262.51911067962646,268.252670109272,282.31533193588257,294.2588084936142,305.68077969551086,317.43551003932964,328.7375583648682,330.83633112907415,332.475217461586,331.76476812362665,329.96249699592585,282.1380562782288,279.88242036104197,280.1223649978637,284.50849664211273,286.28408789634705,285.9281145334244,285.8243380188942,282.01227569580084,282.35345411300665,285.32144641876215,288.48295491933817,288.1840094327926,356.62927067279816,348.9957284927368,344.54253458976746,346.67361891269684,344.76471304893494,349.8965344429016,357.6986787319184,364.6836165189743,368.68430733680725,369.19876837730413,368.303537607193,363.9307223558426,356.3621988296509,354.1945462226868,355.0302675962448,354.48017060756683,357.4098052978516,356.4650288820267,357.11643970012665,356.1664083003998,0.34869170301873986,0.216641627320948,0.6136422585996045,0.1739800020615822,0.03706783719454925,0.2829627671536385,0.061074015545795474,0.22837536963649244,0.4056569118353568,0.013855912709876064,0.15991244302216265,0.30506773557068945,0.40156419543288535,0.06472775661077541,0.29679092496916704,0.2883230095521207,0.506195061493038,0.4390836542112659,0.1020456329058199,0.02437093868171996,0.07874015718698503,0.0021860983688384295,0.00025533096049912274,0.0008966186433099211,0.16809329390525818,0.010782315395772455,0.7390462756156921,C:\Users\sukri\Desktop\input\img\001.png
0.0,273.611083984375,205.8721160888672,130.02737426757812,184.8132781982422,0.9997254014015198,270.31328490376467,269.72867108508945,271.3713883012533,274.86159645020956,281.69847849011416,292.6337568759918,306.4288932979107,322.3596214652061,339.3474727869034,355.59731101989746,369.6525651216507,382.5075899362564,392.719055891037,399.6163550615311,404.2421292066574,407.17058086395264,407.8797996044159,290.32339410483837,299.4866012036801,311.12094497680664,322.17056322097784,332.11256760358816,357.36209481954575,367.3343159556389,378.09920048713684,388.82582980394363,396.4656151533127,343.5421552062034,343.3721216320992,343.32357269525534,343.4284376502037,327.7172979712486,334.993204921484,342.90809935331345,350.70329183340067,357.6346632242203,300.45767351984983,309.0326388478278,317.4484117627144,324.60648834705347,316.902100533247,308.47038170695305,359.9237905144692,367.4579622745514,375.56982707977295,383.24335712194437,375.5439430475235,367.51547610759735,319.4382303655148,326.70908403396606,335.76121485233307,342.0611880421638,348.6664355993271,356.8187828063965,362.68969494104385,356.5167182087898,348.792421400547,341.53414946794516,334.2544572353363,326.16116791963583,323.1550501286984,335.30972751975065,341.90111130476004,348.5346759557724,359.2144501209259,348.33306872844696,341.6688287854194,335.1545543372631,271.1184253692627,291.11588031053543,311.6904106736183,331.87008321285253,350.0225756168365,365.99907809495926,379.18676793575287,388.90067279338837,392.1396392583847,389.4921875,380.2200891971588,367.5983762741089,352.3766843676567,335.12278711795807,316.4065917730332,297.1658283472061,278.1663965582848,266.49198681116104,260.8732802271843,260.2872305512428,263.2138948440552,267.9388677179813,267.8056108057499,263.45330810546875,260.711640715599,261.48081570863724,267.1983794569969,282.1234250068665,294.00331616401667,305.4145247936249,317.12063920497894,328.7940382957458,330.82534527778625,332.3399261236192,331.5604948401451,329.70507013797766,282.10484951734543,279.68234366178507,279.88913986086845,284.4635623693466,286.1484856009484,285.7983820736408,285.5340720415116,281.47036319971085,281.67634057998663,284.7362805008888,287.8960882425308,287.7032493948936,355.98265945911413,348.28835481405264,343.7107740044594,345.84217339754105,343.8290114402771,348.9251806139946,356.60518634319305,363.9062240123749,368.2913496494293,368.9554818868637,368.0468737483025,363.4375227689743,355.74886095523834,353.7647460103035,354.5547330379486,353.93297350406647,356.3936035633087,355.91438400745386,356.65173268318176,355.7180640101433,0.3317748908041863,0.21956323294285,0.5817597240478352,0.17763215895257758,0.03554586638329353,0.3085212680878969,0.05552123232208346,0.2324614711580807,0.39704784320790576,0.01419807520735169,0.1813882453805044,0.2701505924219749,0.4116159597860056,0.0667647802398651,0.33216119389986104,0.2681390941714465,0.60988540122915,0.4872134971524214,0.07973459526755095,0.026120209818746187,0.04634049907326698,0.0014569194754585626,0.0002816535998135805,0.0005182532477192581,0.2893626689910889,0.006913622375577688,0.6551263332366943,C:\Users\sukri\Desktop\input\img\001.png
0.0,274.02572631835943,204.2282867431641,130.98342895507812,187.93138122558602,0.9996742010116576,271.4724750816822,270.8580551594496,272.4071382433176,275.6392299830913,282.06094744801516,292.7474445700645,306.4774461388588,322.65553563833237,339.99954879283905,356.61309564113617,370.87259805202484,383.755624294281,393.9210045337677,400.67507147789,405.279435634613,408.21860086917883,409.03317046165466,290.8614633381367,299.98365157842636,311.70865547657013,322.9015828371048,332.96835207939154,357.5637674331665,367.6582901477814,378.53194427490234,389.4379476308823,397.2217653989792,344.32869493961334,344.2502280473709,344.28150367736816,344.45306289196014,328.78738141059875,336.00868988037115,343.8243200778961,351.45630836486816,358.19476103782654,301.3464016914368,309.8771287798881,318.30356138944626,325.4847134947777,317.80192232131964,309.35764348506933,360.80779707431793,368.48406660556793,376.64279639720917,384.17298114299774,376.5495157241821,368.49651658535004,319.6146186590195,327.20746767520905,336.38697338104254,342.6049283742905,349.1211178302765,357.30648040771484,363.390838265419,357.02718460559845,349.25026047229767,342.1750650405884,335.03520411252975,326.76909089088434,323.3737026453018,335.9765525460243,342.4845534563065,349.02973008155817,359.8642637729645,348.8561931848526,342.3014577627182,335.90022343397135,270.55916154384613,290.3798024654388,310.78082716465,330.87333345413214,349.15125048160553,365.4606957435608,379.0433223247528,389.1321756839752,392.48172879219055,389.8006887435913,380.3807063102722,367.4877634048462,352.0214605331421,334.5389672517776,315.78059589862823,296.6355594396591,277.7523822188377,266.220546066761,260.51253640651703,259.8297228217125,262.71717637777334,267.4672533273697,267.5629637241364,263.1636381149292,260.469987988472,261.27255022525793,267.0359114408493,281.4035412669182,293.03717625141144,304.23516082763666,315.8192266225815,327.6618884801865,329.6715054512024,331.19342601299286,330.33352041244507,328.4054781198502,281.68038380146027,279.28668212890625,279.4290799498558,283.7875617146492,285.6439177393913,285.3527134656906,284.8999796509744,281.0316287279129,281.25979673862463,284.25951200723654,287.4390927553177,287.19457590579987,355.46318304538727,347.8287273645401,343.3694874048233,345.431352853775,343.41080212593084,348.2568955421448,355.7419797182083,362.87587463855743,367.0531159639359,367.72861683368683,366.91555404663086,362.6934287548065,355.2148803472519,353.20541405677795,353.92273819446564,353.2927805185318,355.54817628860474,355.12504649162287,355.89212346076965,355.0516744852066,0.33588975720396874,0.2337086190181669,0.5905841466316976,0.1777976675832599,0.04788935473959837,0.2996826872746023,0.06165565320566795,0.22865304797277305,0.4013423030958823,0.023533121695029937,0.1878481873568847,0.3040844697919439,0.44167146132695423,0.07071108589266774,0.3229918147546005,0.30282975967242315,0.4533310922199888,0.4330438571904707,0.09179398191533196,0.017471941794829606,0.06967468559741974,0.0014626517659053204,0.00021842832211405042,0.0006115283467806876,0.0908748060464859,0.01567256636917591,0.8214853405952454,C:\Users\sukri\Desktop\input\img\001.png
0.0,275.1412353515625,204.2113800048828,129.97003173828122,188.4846954345703,0.9997130036354064,272.38131120055914,271.4851572960615,272.86904530227184,276.07095670700073,282.6572497785092,293.56646633148193,307.4532683491707,323.48092594742775,340.5125209093094,356.72766929864883,370.8157790899277,383.8373376131058,394.23292082548136,401.32595044374466,406.3497173190117,409.6754317879677,410.7496284842491,292.84131337702274,302.2500117123127,314.2014629542828,325.6118527650833,335.80484148859983,359.5035118460655,369.7583985924721,380.7554252743721,391.73571997880936,399.4979257583618,346.50367307662964,346.21437269449234,346.0697458982468,346.0991204380989,330.20757859945303,337.3931394219398,345.18142575025564,352.80960726737976,359.5966419577598,303.19979473948484,311.95674371719366,320.39746955037117,327.367447078228,319.63022696971893,311.168366253376,362.9266236424446,370.8782245516777,379.0238714814186,386.4025050997734,378.69100058078766,370.6106345653534,320.3548956513405,328.2915098369122,337.63961324095726,343.8934658765793,350.55021011829376,358.7239495515824,364.76657032966614,358.15429496765137,350.15957272052765,342.9595258235932,335.80657270550734,327.54076060652733,324.0772974193096,337.063571870327,343.5959305167198,350.2647652029991,361.2630177736282,349.9690078496933,343.32691812515264,336.88553726673126,269.0092440247536,289.65493208169937,310.9580614566803,331.79020625352865,350.510902762413,366.9869782924652,380.5335540771485,390.3308380842209,393.631585597992,391.1552155017853,381.9761724472046,369.2166546583176,353.76308262348175,336.17449903488165,317.12197971343994,297.6273824572563,278.24034523963934,265.2915071845054,259.5437828302384,258.9778152704239,262.022862046957,266.95537975430494,267.9090416431427,263.71385389566416,261.20366424322134,262.20866373181343,268.2472184896469,281.373501598835,293.2449051141739,304.56840187311167,316.28066444396967,328.0562521219253,330.18374925851816,331.86347883939743,331.1287410259247,329.3727817535401,280.97900873422617,278.66158306598663,278.988034427166,283.58697003126144,285.21320033073425,284.7525562644005,285.41819512844086,281.6451201736927,282.1446604728699,285.36822378635406,288.3631073832512,287.8973819613457,355.2074322104454,347.959201335907,343.83477824926376,346.02330780029297,344.19551706314087,349.17032325267786,356.61949694156647,363.834778547287,367.94738256931305,368.4115545749664,367.4176676273346,362.88055986166,355.0375015735626,353.3318037390709,354.2660806775093,353.7607057094574,356.34667587280273,355.88147449493414,356.5047125816345,355.4688459634781,0.3232091387374552,0.22213715473111093,0.5780906560932587,0.15350121073517706,0.030016648211826164,0.3159312569681664,0.05386272333921471,0.2355801149846517,0.3975359667994776,0.015830805892372568,0.18230059837202567,0.2718255781559548,0.3976813040959224,0.0751896033771614,0.3999827060409212,0.31005443461517473,0.5975100965573235,0.4779904928653503,0.08406134773830536,0.013483162375015708,0.08292251080274582,0.00388916558586061,0.0005515444790944457,0.0008121343562379477,0.11410340666770935,0.030006907880306244,0.7677143216133118,C:\Users\sukri\Desktop\input\img\001.png
0.0,274.9931640625,204.77691650390625,131.32977294921878,189.37106323242188,0.9996811151504515,273.2065683156252,272.18320140242577,273.4064943194389,276.3836381137371,282.76164174079895,293.4900680780412,307.2613608241081,323.3567549586296,340.5923817157745,357.001549243927,371.19093811511993,384.2857741117477,394.85270857810974,402.1726657152176,407.4772988557816,410.9537720680237,412.1333746910095,293.2989627718925,302.7601798772812,314.612461745739,325.8928921222687,336.0424132347107,361.4373301267624,371.577273607254,382.4403235912323,393.381765127182,401.1941086053848,347.5161337852478,347.1156908273697,346.877841591835,346.7965776920318,330.649429500103,337.963971555233,345.92544639110565,353.734521985054,360.6106778383255,303.9924312233925,312.83033472299576,321.3311799764633,328.43244314193726,320.6150518655777,312.0789096951485,364.22757589817047,372.25220942497253,380.46148312091833,387.9252930879593,380.24301517009735,372.0785312652588,320.27662336826324,328.7570325732231,338.4608076810837,344.7969809770584,351.53086614608765,359.75208127498627,365.8516672849655,359.0869867801666,350.98491287231445,343.7272433042526,336.4519912004472,327.85625487565994,324.06046134233475,337.77854973077774,344.42031729221344,351.1424117088318,362.27501034736633,350.88393807411194,344.19850611686707,337.64849358797073,268.45245838165283,288.9831719398498,310.2075339555741,331.09536981582636,349.98469197750086,366.78250229358673,380.74961853027344,390.9919400215149,394.5923008918762,392.2615554332733,383.07591891288763,370.23368000984186,354.7113993167877,337.0196578502655,317.9279717206955,298.35593485832214,278.8879899978637,265.0630785226822,259.711856842041,259.4078564941883,262.56694704294205,267.5064200162888,268.33359026908875,264.1039968729019,261.48511254787445,262.2426636815071,267.95873004198074,281.9803267121315,293.96219384670263,305.4179834127426,317.265193939209,328.55876648426056,330.8250206708908,332.5911567211151,331.8257372379303,329.9337923526764,281.1546350121498,279.05053663253784,279.41585218906397,283.9705671072006,285.70686841011053,285.18882399797434,286.0099199414253,282.35474431514734,282.80437505245214,285.95046234130865,289.12177449464804,288.6738530397415,355.5509159564972,348.5494315624237,344.56326258182526,346.79187488555914,344.97778475284576,349.81345295906067,357.04299235343933,364.4134368896485,368.641476392746,369.12653589248663,368.11825704574585,363.5067638158798,355.45760703086853,353.86404728889465,354.8008093833924,354.30898809432983,356.81904339790344,356.67972040176386,357.31581830978394,356.26199626922613,0.3127002764213525,0.21200878454174704,0.5421155525583915,0.14302563548564048,0.033982189995440205,0.2894384575951052,0.06063290267190127,0.23122720691072216,0.395953982622433,0.015394105916771731,0.19001325996488547,0.2721610333341422,0.404115326394184,0.06405249386499308,0.4111102108445743,0.3167055350700016,0.6097849271100183,0.4861836892474854,0.07853653737006193,0.017080101150525908,0.032244972884655,0.0020541001576930285,0.000267767725745216,0.0006099548772908747,0.14482398331165314,0.007972951978445053,0.8120262622833252,C:\Users\sukri\Desktop\input\img\001.png
0.0,274.72482299804693,204.75743103027344,132.07498168945312,191.04042053222656,0.9996098875999452,273.6217762827873,272.48880688101053,273.66170109808445,276.74842880666256,283.4447924494744,294.49214829504484,308.4975654780865,324.56347605586046,341.71528190374374,357.95590353012085,371.8681343793869,384.7303077578545,395.24924916028976,402.69170290231705,408.1844817996025,411.85892951488495,413.2192305922508,294.1702122688293,303.83591741323465,315.8635766208172,327.2681139707565,337.48643106222147,362.4273691177368,372.6527087688446,383.62756687402725,394.6504266858101,402.4795476794243,348.6379904150963,348.19334203004837,347.9480642080307,347.8279130458832,331.6036584377289,338.93752786517143,346.93975353240967,354.74856501817703,361.62031495571136,304.82778525352484,313.7362433373928,322.2886074185372,329.3036990761757,321.39647224545485,312.8305700719356,365.2679328918457,373.31091499328613,381.5777755379677,389.0153295993805,381.28315025568014,373.0654571056366,321.58216255903244,329.9910617172718,339.5440078675747,345.77589458227163,352.3936003446579,360.5831937789917,366.8358496427536,360.0500857830048,351.9402519464493,344.73436653614044,337.54760125279427,329.0792425274849,325.27411454916,338.8507551848888,345.3911701440811,352.02631384134287,363.3208453059197,351.8620750308037,345.24294769763947,338.7767434716225,268.5094592869282,289.2593413293362,310.73996287584305,331.8254588246345,350.85481375455856,367.69331961870193,381.69111955165863,392.0672973394394,395.73830485343933,393.3563587665558,384.09512841701513,371.3485287427902,356.0404196381569,338.61268216371536,319.68673229217535,300.1610501408577,280.742677628994,265.8600920438766,260.58323553204536,260.386445119977,263.718737334013,268.83964279294014,269.7896169424057,265.5823171138764,262.98241105675703,263.7514571547508,269.5908244848252,283.3951107263565,295.5143143534661,307.08852565288544,319.0438032150269,330.09075391292566,332.4331803321838,334.2390585541725,333.51152706146235,331.6251215934753,281.9528655707836,279.8561292290688,280.3501724600792,285.13825976848597,286.77349263429636,286.14927142858505,287.31638103723526,283.50673246383667,283.98055148124695,287.20266959071165,290.42469292879105,289.9662553071976,356.5733191370964,350.15379929542536,346.48804211616516,348.73483473062515,346.9180198907852,351.5170477628708,358.2506020665169,365.51463919878006,369.6751409173012,370.14433509111404,369.0849615931511,364.39543652534485,356.5536256432533,355.6260980963707,356.5871841907501,356.0755987763405,358.06789231300354,357.9412777423858,358.5649966597557,357.48050874471664,0.32460391054709536,0.22000063793415006,0.5340495392359604,0.16930224711895456,0.034127644165796125,0.3184937937254347,0.059870240227755785,0.2451382348425252,0.4086906895880487,0.02149344911950401,0.28508542541256704,0.2603760491817612,0.3804700745470558,0.07235217197286044,0.4043912288150625,0.4212355634860613,0.5303192063846053,0.4498869937689651,0.09417248105104356,0.017928218175113517,0.10749799013137816,0.0117070060223341,0.0008457234362140298,0.0015728068538010118,0.1569128930568695,0.00855804793536663,0.7129055261611938,C:\Users\sukri\Desktop\input\img\001.png
0.0,276.47830200195307,206.1905212402344,132.06259155273438,193.696044921875,0.9994893074035645,274.2825559154153,273.237630315125,274.5433300435543,277.78752633184195,284.6306991428137,295.93028666079044,310.2118913531304,326.74040001630783,344.33609133958817,360.7205001115799,374.4267169237137,387.1265374422074,397.62031704187393,404.9895883202553,410.320071220398,413.65417593717575,414.6635290980339,296.21227891743183,306.0477504134178,318.0686097741127,329.4053855836392,339.5356268882752,365.0056451559067,374.97345304489136,385.675597012043,396.49248069524765,404.35026055574417,351.30481135845184,351.09176528453827,351.04025703668594,351.1305362582207,334.3498030304909,341.8524271249771,349.982106089592,357.85705852508545,364.7125551700592,306.6366692781448,315.81582286953926,324.47231701016426,331.68601632118225,323.7195005118847,315.0401096045972,367.7731875777245,375.9269100427628,384.22509253025055,391.68888878822327,384.0066065788269,375.7723284363746,323.49921864271164,332.4321703910828,342.36152479052544,348.6515442728996,355.25951701402664,363.3158144950866,369.3514249324799,362.7721015810967,354.9093462228775,347.68742549419403,340.3357011377812,331.4559729993344,327.1962882876396,341.6558807492256,348.29938328266144,354.9321482181549,365.8360699415207,354.73241752386093,348.12668138742447,341.55448958277697,270.367900043726,291.2804382145405,312.9825689196586,334.27593642473215,353.58327478170395,370.7145010232925,385.0710769891739,395.6442844867706,399.2319121360779,396.4641327857971,386.5346693992615,373.16785734891886,357.413792014122,339.60619187355036,320.39616477489466,300.784923017025,281.4115858674049,267.6986971497536,262.6787161082029,262.6052706539631,265.8818444013596,270.8215801417828,271.6778348684311,267.48092198371893,264.7377547621727,265.17036718130106,270.5811024904251,285.6411948800087,297.93647426366806,309.67315214872366,321.82360190153116,333.11869251728064,335.4901000261307,337.27119553089136,336.40219879150385,334.32632637023926,284.50068759918213,282.46661883592606,282.85267007350916,287.4830672740936,289.2210607528686,288.6607249379158,289.3493148684502,285.5998176932335,285.98951762914663,289.07954338192934,292.34632724523544,291.9649814069271,359.000416636467,352.90409564971924,349.3050575256348,351.52702951431274,349.673699259758,354.15444296598434,360.58342099189764,368.2023959159851,372.77073681354517,373.3636834621429,372.3343335390091,367.3795907497406,359.04084610939026,358.53374338150024,359.50582295656204,358.9343230724335,360.5482039451599,360.7734376192093,361.4847158193588,360.40887105464935,0.3011192212018272,0.2179772879290112,0.5220380599244129,0.14679382551714976,0.02533094237745286,0.308900069280615,0.04782227133274157,0.24604988410810136,0.4067153309239803,0.018785101029694936,0.3037779730518714,0.2596118933178165,0.34664150634308355,0.05941431183227418,0.4809891068894995,0.4571606252744244,0.6306066626266036,0.4854535236525975,0.08555412537478566,0.017452027698923043,0.051767155528068536,0.004010041244328022,0.0006222119554877281,0.001640176516957581,0.11008936166763306,0.012739831581711769,0.8191311955451965,C:\Users\sukri\Desktop\input\img\001.png
0.0,277.96759033203125,210.04656982421875,132.98004150390622,190.40167236328125,0.9995798468589784,275.2246551513672,274.4105772972107,275.93608903884893,279.48536920547485,286.73512268066406,298.39037466049194,312.9787902832031,329.68013572692865,347.2860794067383,363.6923198699951,377.3102741241455,389.85296058654785,400.0450210571289,407.14645195007324,412.2796039581299,415.5299739837647,416.541259765625,297.6188449859618,307.2921018600464,319.1587429046632,330.43330955505365,340.6680660247804,366.4176921844482,376.3440399169922,386.9933109283447,397.7599315643311,405.684268951416,352.49503898620605,352.3012428283692,352.25750732421875,352.3773365020752,335.57868289947515,343.1677703857422,351.4589195251465,359.3697338104248,366.20874214172363,307.65599060058594,316.6556196212769,325.3789501190185,332.5977306365967,324.6058349609375,315.9034328460693,368.9925746917725,377.0173149108887,385.43480682373047,392.94540214538574,385.2875499725342,376.9220428466797,325.34533309936523,334.15340709686285,343.94391822814936,350.29249000549316,356.9591884613037,365.1428394317627,371.4876918792725,364.7806339263916,356.80370140075684,349.53039932250977,342.16422843933105,333.3280687332153,329.064453125,343.33090591430664,349.99915885925293,356.71482849121094,367.893856048584,356.5549259185791,349.859655380249,343.22183418273926,271.05458736419683,292.15601921081543,314.08333778381353,335.5406188964844,354.8895168304444,372.01943397521967,386.3134002685547,396.76631927490234,400.2064514160156,397.31616973876953,387.23400115966797,373.6413764953613,357.58867263793945,339.52360153198237,320.12248992919916,300.36321163177485,280.84924697875977,268.8930606842041,263.8544678688049,263.59705686569214,266.6564178466797,271.4205741882324,272.32957363128656,268.13794136047363,265.41305541992193,265.79184532165533,271.0254955291748,286.26773357391363,298.60037803649897,310.3858661651612,322.56989479064936,333.7762832641602,336.1674213409424,337.9297161102295,337.0464038848877,334.92343902587885,285.25640964508057,283.09587478637695,283.47991943359375,288.15882682800293,290.0826978683472,289.54506874084467,289.89948749542236,285.9850597381592,286.34171485900885,289.4503831863404,292.9596424102783,292.6346778869629,360.30941009521484,354.1522789001465,350.51613807678217,352.7532958984375,350.8821964263916,355.31073570251465,361.7742156982422,368.9108657836914,373.1698322296143,373.7084102630615,372.7105522155762,368.0860996246338,360.2836799621582,359.43172454833984,360.3983879089356,359.81534004211426,361.67634010314936,361.5711498260498,362.26819038391113,361.220293045044,0.3183208253658494,0.2496820508974218,0.4780424560837716,0.19621455859926168,0.021586226078582373,0.3300378212788036,0.05507634943448559,0.2902272926444007,0.4037796735147599,0.01620807682786767,0.3698890818849537,0.2728185778540316,0.3695392792619132,0.07579050354411092,0.4400818346949629,0.5676150518056284,0.5230495199241236,0.4506949808393935,0.10242127644459056,0.020013162042770472,0.00746056018397212,0.001065771677531302,0.00029604780138470227,0.0008354956516996026,0.14822746813297272,0.0024465499445796013,0.8396681547164917,C:\Users\sukri\Desktop\input\img\001.png
0.0,278.96469116210943,209.12046813964844,133.61984252929688,192.9404144287109,0.999524474143982,275.7481734454632,274.979119732976,276.5676283761859,280.19359999895096,287.60216763615614,299.43585835397243,314.2038147449493,331.0379008054733,348.6504234075546,365.0507161617279,378.77845484018326,391.4896907806397,401.7158468961716,408.76352947950363,413.70253938436514,416.7378641963005,417.54557919502264,298.9544287770986,308.54947867989534,320.4022253453732,331.6875735521316,341.9655739367008,368.4509708881378,378.3241349458695,388.9385688900948,399.5327353477478,407.1422744989395,354.08942222595215,353.8869968652725,353.836673617363,353.9630479216576,337.1941306591034,344.7564317882061,353.05289191007614,361.0430510044098,367.96324610710144,309.3161788880825,318.4027591049671,327.04664060473436,334.23161813616747,326.335426479578,317.67534634470934,370.6190065741539,378.68505358695984,386.9644753932953,394.4872635602951,386.7940538525581,378.5306771397591,326.52707034349436,335.43818134069437,345.47280395030975,352.0022261738777,358.7962964773178,367.1276441216469,373.35748755931854,366.663641512394,358.53746378421783,351.05530655384064,343.4076363146305,334.4212563633919,330.16115927696234,344.8226849734783,351.6726588010788,358.5392583012581,369.8802125453949,358.2735834121704,351.42308658361435,344.5577538013458,271.668781131506,293.0138080120087,315.1506343483925,336.75639879703516,356.1735625863075,373.21355748176575,387.295814037323,397.4198650121689,400.78380715847015,397.86663258075714,387.8530547618866,374.3008428812027,358.211260676384,340.06702363491064,320.5949879288673,300.7173673808575,281.09691935777664,269.7630760073662,264.6517708748579,264.3475714474916,267.4557733237744,272.2664368748665,273.22126388549805,269.01727664470667,266.2646026611328,266.79002669453615,272.10622105002403,287.1541724801064,299.6990557312965,311.6885599493981,324.0138883590698,335.2370858192444,337.69380843639374,339.44842386245733,338.6593161821365,336.55497145652765,286.16507211327547,284.24370574951166,284.6270174682141,289.0263335704804,290.9630924761296,290.4319586157799,290.85130941867834,287.2980073392391,287.69650527834887,290.6166211366653,294.0585480034352,293.69318625330925,361.23922508955,354.9660061597824,351.3217642903328,353.6215386390686,351.77231281995773,356.3564113974571,363.07329827547073,370.6438666582108,375.2545087337494,375.7984681129456,374.69149100780487,369.59353679418564,361.2177196741104,360.3020553588867,361.3599471449852,360.80258166790014,362.9544858932495,363.2658777832985,363.941345512867,362.79185658693314,0.3049926825682601,0.24170507963311044,0.4840754359745707,0.2110935713481942,0.027698375287204608,0.35232810499945,0.06313026522933053,0.3206683466376157,0.39941211221898654,0.02447326321777097,0.3474398319197231,0.2716116517560184,0.33385567307716263,0.08322457501870326,0.4673083758810742,0.4053039516514447,0.6910999939888116,0.5401458280817295,0.06760941799034374,0.02099155153273659,0.006505697499960661,0.004281154368072747,0.00045295647578313947,0.002302865497767925,0.12184031307697295,0.003010172629728913,0.8616068959236145,C:\Users\sukri\Desktop\input\img\001.png
0.0,312.4858093261719,230.1907958984375,149.9005126953125,214.96527099609375,0.995674192905426,307.6425283923745,307.1137835420668,308.83816812187433,311.54376205801964,317.30606108158827,328.5436474978924,344.0117146074772,362.51174890995026,383.2830412685871,404.256670832634,423.1943652033806,439.41106379032135,450.62528109550476,457.12288922071457,460.0325101017952,461.62323331832886,461.6769921183586,322.9424670934677,332.66502064466476,344.56618651747704,355.57499730587006,365.5080225467682,394.5862362384796,406.44494420289993,419.2083923816681,431.80000227689743,441.6897011399269,378.16390457749367,377.5292583703995,377.13982263207436,376.8738929629326,361.7237072587013,369.6730726957321,378.6509649157524,388.0843558907509,396.81070482730865,332.2681705504656,341.143257021904,351.09172052145004,359.8347160220146,350.2878468334675,340.39489525556564,397.92434161901474,406.52320355176926,416.7132094502449,426.2090331315994,416.8812825679779,407.03386360406876,352.179162979126,362.1728246510029,372.9078248143196,380.58771657943726,389.10191082954407,401.0865738391876,412.6505523920059,401.7355201244354,390.4823565483093,381.3914122581482,372.68170988559723,362.3587850034237,356.0840067267418,372.64076775312424,380.7685632109642,389.61381155252457,408.66165590286255,389.9314448237419,381.23168939352036,373.0027900636196,303.55295222997665,325.5606700181961,348.10657995939255,370.8662520647049,391.7346565723419,410.0568164587021,424.8308092355728,435.154678106308,438.6109492778778,436.2971308231354,427.6847401857376,414.1897602081299,396.22795581817627,374.9093604683876,352.0140452980995,328.89318159222603,306.16234159469604,289.2469188570976,283.7930087596178,284.16495913267136,287.7762386202812,293.37005591392517,293.3921722173691,288.9881122559309,286.72984078526497,288.3891083598137,294.845720410347,308.82392543554306,322.5879907011986,335.7887105643749,349.0836027264595,361.6756333708763,364.51427710056305,366.48918747901917,365.2834605574608,362.9663516283035,308.47318783402443,304.3926003873348,305.14138290286064,312.51334020495415,314.13194075226784,313.42242816090584,314.3232953250408,308.06810346245766,308.43300089240074,313.3724237382412,317.2153148651123,317.0568758249283,391.44405913352966,385.2268749475479,381.556593477726,384.06137812137604,382.14262157678604,386.8166595697403,393.523358464241,399.6338989138603,402.3534598350525,402.60757076740265,401.61431139707565,398.0037331581116,391.5284894704819,390.012249648571,391.2370936870575,390.6510116457939,393.3236428499222,391.8960300683975,392.21730983257294,391.06712180376053,0.44957445658958184,0.25529718778117083,0.3494516026022756,0.35041631912420573,0.12247297331498541,0.1507341672079013,0.07710337367766244,0.22072878358941309,0.432297646376205,0.11412525563603948,0.4538292801897521,0.3688216392833915,0.4054715964025134,0.07540540870055647,0.34677341832633013,0.6236966167578336,0.08821520827950331,0.14688330029078492,0.1073879564520777,0.02407534507503885,0.03371821716427803,0.009338232688605785,0.015842994675040245,0.07388810813426971,0.12277030944824219,0.437734991312027,0.3067072033882141,C:\Users\sukri\Desktop\input\img\001.png
